id,first_name,last_name,email,ip_address
1,Bord,Barthelet,bbarthelet0@ft.com,203.39.8.230
2,Graehme,Ilyin,gilyin1@nydailynews.com,227.238.208.48
3,Dare,Toseland,dtoseland2@dot.gov,13.226.139.235
4,Doroteya,Henze,dhenze3@smh.com.au,247.253.171.248
5,Delmer,Kubiak,dkubiak4@mlb.com,159.82.1.239
6,Corey,Furlow,cfurlow5@ovh.net,254.9.184.31
7,Lindsay,Florence,lflorence6@columbia.edu,234.51.135.78
8,Jerald,Harragin,jharragin7@youtu.be,136.25.144.3
9,Lezlie,Pulver,lpulver8@marketwatch.com,127.131.132.89
10,Roxana,Waye,rwaye9@com.com,38.13.231.38
11,Johannes,Ramelet,jrameleta@com.com,140.166.54.162
12,Colman,Stachini,cstachinib@imgur.com,112.136.109.6
13,Andrey,Albers,aalbersc@purevolume.com,190.28.164.62
14,Robb,Leipold,rleipoldd@slashdot.org,209.117.164.252
15,Guillema,Kain,gkaine@time.com,166.6.151.125
16,Robenia,Tomankiewicz,rtomankiewiczf@simplemachines.org,144.244.180.151
17,Herbert,Snarr,hsnarrg@fotki.com,250.57.45.1
18,Stavro,Mildenhall,smildenhallh@4shared.com,247.25.120.209
19,Derrick,MacCrosson,dmaccrossoni@deviantart.com,53.220.99.255
20,Arte,Sparkwell,asparkwellj@intel.com,212.79.251.159
21,Aliza,Blakey,ablakeyk@blogs.com,15.2.30.88
22,Laverna,Scotti,lscottil@last.fm,251.133.40.194
23,Brok,Stidever,bstideverm@topsy.com,207.198.57.59
24,Jean,Gorvin,jgorvinn@yahoo.com,54.161.200.145
25,Salome,Outright,soutrighto@army.mil,253.89.171.71
26,Nataniel,Claire,nclairep@sbwire.com,27.83.81.23
27,Valeria,Faloon,vfaloonq@google.cn,39.150.53.134
28,Gnni,Dowzell,gdowzellr@webnode.com,118.57.25.119
29,Shelbi,Rickis,srickiss@wikia.com,217.134.40.150
30,Bobbe,Lapping,blappingt@unc.edu,3.124.162.238
31,Maurine,Bartak,mbartaku@state.gov,94.177.130.12
32,Cthrine,Pears,cpearsv@springer.com,101.81.56.215
33,Eadmund,Tribbeck,etribbeckw@delicious.com,71.47.208.191
34,Anna-diane,Gasnoll,agasnollx@tripadvisor.com,48.157.219.83
35,Jaclin,Bonham,jbonhamy@qq.com,7.117.76.213
36,Arin,Betser,abetserz@ovh.net,156.90.147.43
37,Alameda,Wenman,awenman10@home.pl,36.127.212.216
38,June,Croote,jcroote11@unicef.org,195.251.151.210
39,Papagena,Eykel,peykel12@yellowbook.com,233.237.21.142
40,Sigfried,Capehorn,scapehorn13@bbb.org,191.90.67.132
41,Malva,Fielding,mfielding14@diigo.com,61.41.161.233
42,Florentia,Arnaud,farnaud15@mac.com,61.157.184.111
43,Mahala,Capaldi,mcapaldi16@de.vu,69.253.62.190
44,Gran,Akred,gakred17@examiner.com,213.82.164.135
45,Dasie,Jacox,djacox18@typepad.com,81.142.183.210
46,Roi,Terbrug,rterbrug19@w3.org,189.12.3.158
47,Murdoch,Barrington,mbarrington1a@auda.org.au,232.6.69.121
48,Aldo,Gilder,agilder1b@histats.com,105.94.34.138
49,Araldo,Masterson,amasterson1c@upenn.edu,46.89.12.252
50,Fanechka,Feldbau,ffeldbau1d@scientificamerican.com,15.53.175.219
51,Ximenes,Petrazzi,xpetrazzi1e@shinystat.com,175.238.14.60
52,Kahaleel,Hug,khug1f@dropbox.com,227.214.47.201
53,Hakeem,Cornejo,hcornejo1g@wikimedia.org,159.236.202.163
54,Barthel,Goneau,bgoneau1h@dailymail.co.uk,155.226.222.66
55,Lark,McArdell,lmcardell1i@sbwire.com,170.161.148.121
56,Xavier,Melsome,xmelsome1j@wikimedia.org,52.245.249.228
57,Avril,Barkess,abarkess1k@163.com,117.140.11.6
58,Marrissa,Crayke,mcrayke1l@uol.com.br,143.75.109.29
59,Sarene,Scorton,sscorton1m@reddit.com,62.89.241.178
60,Demetre,Blewitt,dblewitt1n@smh.com.au,236.209.25.11
61,Corie,Bauldry,cbauldry1o@biblegateway.com,57.155.66.65
62,Dylan,Tondeur,dtondeur1p@mysql.com,43.72.31.128
63,Jens,Goodrick,jgoodrick1q@dedecms.com,103.22.123.75
64,Davina,Blenkinship,dblenkinship1r@dyndns.org,253.126.49.179
65,Amye,Altimas,aaltimas1s@buzzfeed.com,157.1.50.214
66,Anet,Sproul,asproul1t@mozilla.com,242.31.10.207
67,Arri,Drewson,adrewson1u@cornell.edu,130.24.242.134
68,Tabb,Beaston,tbeaston1v@go.com,207.242.123.152
69,Freedman,Berkeley,fberkeley1w@oakley.com,218.42.55.158
70,Magdaia,Harbage,mharbage1x@virginia.edu,196.73.208.232
71,Thorndike,Rohmer,trohmer1y@uiuc.edu,65.65.111.96
72,Bev,Tremblay,btremblay1z@china.com.cn,244.13.123.222
73,Torey,Belderfield,tbelderfield20@amazonaws.com,65.40.52.238
74,Rodolphe,Fullom,rfullom21@qq.com,242.12.19.90
75,Cully,Whatsize,cwhatsize22@mac.com,46.109.138.65
76,Rakel,Currier,rcurrier23@yahoo.co.jp,215.124.201.107
77,Nicolle,Roofe,nroofe24@gov.uk,219.38.138.229
78,Juliet,Pennuzzi,jpennuzzi25@canalblog.com,90.119.135.247
79,Antone,Yurchishin,ayurchishin26@photobucket.com,91.182.251.226
80,Templeton,Wofenden,twofenden27@reverbnation.com,230.143.28.161
81,Lindie,Arden,larden28@e-recht24.de,189.29.131.7
82,Britt,Lefeuvre,blefeuvre29@forbes.com,37.194.94.251
83,Mignonne,Brand-Hardy,mbrandhardy2a@pcworld.com,161.66.165.214
84,Ingeberg,Sibbert,isibbert2b@reuters.com,167.244.181.216
85,Alayne,Davinet,adavinet2c@homestead.com,104.128.80.221
86,Lizette,Cutbush,lcutbush2d@cyberchimps.com,74.95.47.254
87,Bennett,Limpkin,blimpkin2e@exblog.jp,203.214.78.138
88,Ozzie,Bloore,obloore2f@nhs.uk,233.89.188.97
89,Letitia,Mains,lmains2g@arstechnica.com,6.36.222.56
90,Alfredo,Mc Elory,amcelory2h@ucsd.edu,243.14.57.216
91,Teddy,Rudinger,trudinger2i@cmu.edu,153.42.166.235
92,Anjanette,Mauditt,amauditt2j@stumbleupon.com,48.137.175.246
93,Joell,Waplington,jwaplington2k@a8.net,116.195.113.182
94,Silvan,Gawn,sgawn2l@comcast.net,75.115.146.238
95,Cornela,Triggle,ctriggle2m@webnode.com,35.137.154.90
96,Hedwiga,Bergeon,hbergeon2n@blogs.com,66.84.140.238
97,Genni,Paute,gpaute2o@narod.ru,116.254.208.43
98,Ines,Shirley,ishirley2p@diigo.com,202.107.86.123
99,Albie,Wason,awason2q@example.com,213.20.169.183
100,Matias,Ericssen,mericssen2r@ask.com,251.25.214.13
